{
  "timestamp": "2026-02-03T00:05:35.513Z",
  "config": {
    "simulations": 10000,
    "years": 5,
    "stepsPerYear": 52,
    "modelWeights": {
      "brickEconomyML": 0.25,
      "monteCarlo": 0.25,
      "scenario": 0.12,
      "stress": 0.08,
      "bootstrap": 0.12,
      "garch": 0.1,
      "bayesian": 0.08
    },
    "monteCarlo": {
      "baseDrift": 0.05,
      "baseVolatility": 0.2,
      "jumpIntensity": 0.15,
      "jumpMeanSize": 0.3,
      "meanReversionSpeed": 0.2,
      "degreesOfFreedom": 5
    },
    "scenarios": {
      "bull": {
        "probability": 0.25,
        "drift": 0.12,
        "volatility": 0.15
      },
      "base": {
        "probability": 0.5,
        "drift": 0.05,
        "volatility": 0.2
      },
      "bear": {
        "probability": 0.25,
        "drift": -0.02,
        "volatility": 0.3
      }
    },
    "stressTests": {
      "marketCrash": {
        "probability": 0.05,
        "impact": -0.4,
        "recovery": 2
      },
      "themeCollapse": {
        "probability": 0.03,
        "impact": -0.6,
        "recovery": 5
      },
      "liquidityCrisis": {
        "probability": 0.02,
        "impact": -0.25,
        "recovery": 1
      },
      "legoIPOBoom": {
        "probability": 0.05,
        "impact": 0.5,
        "recovery": 3
      }
    },
    "garch": {
      "omega": 0.0001,
      "alpha": 0.1,
      "beta": 0.85,
      "initialVol": 0.2
    },
    "bayesian": {
      "priorMean": 0.05,
      "priorVariance": 0.01,
      "likelihoodWeight": 0.7
    }
  },
  "portfolio": {
    "totalSets": 54,
    "totalPieces": 0,
    "totalCurrentValue": 13074.699999999995
  },
  "sets": {},
  "portfolioResults": {
    "currentValue": 13074.699999999995,
    "projectedValue": {
      "mean": 17571.38271104878,
      "median": 17347.80972982901,
      "stdDev": 2444.292056700148,
      "min": 10907.293058748124,
      "max": 32148.891102108777,
      "percentiles": {
        "p5": 14036.019839804228,
        "p10": 14644.107317363016,
        "p25": 15837.398502133205,
        "p50": 17347.80972982901,
        "p75": 19078.108556456053,
        "p90": 20786.21538228,
        "p95": 21941.962146200833
      },
      "growth": {
        "meanPct": 34.392243883597985,
        "medianPct": 32.68227745056493
      },
      "risk": {
        "VaR95": -961.3198398042332,
        "VaR99": 204.74678977216172,
        "CVaR95": -238.4695571119355,
        "probLoss": 1.4000000000000001,
        "probGain50": 19.02,
        "probDouble": 0.26
      }
    },
    "individualModels": {
      "brickEconomyML": {
        "mean": 17547.69431997453,
        "median": 17516.381706596032,
        "stdDev": 1982.284567704108,
        "min": 8862.341191070402,
        "max": 25391.60132790332,
        "percentiles": {
          "p5": 14340.340104237366,
          "p10": 15041.219018759697,
          "p25": 16225.023680989827,
          "p50": 17516.381706596032,
          "p75": 18858.24383401065,
          "p90": 20116.058445069328,
          "p95": 20858.722982807507
        },
        "growth": {
          "meanPct": 34.21106656347401,
          "medianPct": 33.971576453731544
        },
        "risk": {
          "VaR95": -1265.640104237371,
          "VaR99": 67.80256533984175,
          "CVaR95": -481.5737471630273,
          "probLoss": 1.08,
          "probGain50": 14.93,
          "probDouble": 0
        }
      },
      "monteCarlo": {
        "mean": 17100.29900451026,
        "median": 15922.986443163814,
        "stdDev": 6390.259706158103,
        "min": 5229.879999999998,
        "max": 52298.79999999998,
        "percentiles": {
          "p5": 8801.6865720199,
          "p10": 10057.625258259282,
          "p25": 12557.107845963637,
          "p50": 15922.986443163814,
          "p75": 20467.10033524651,
          "p90": 25663.996212407856,
          "p95": 29224.322682114114
        },
        "growth": {
          "meanPct": 30.78922655594596,
          "medianPct": 21.784717379089535
        },
        "risk": {
          "VaR95": 4273.013427980095,
          "VaR99": 6153.274792636721,
          "CVaR95": 5421.294802112916,
          "probLoss": 28.79,
          "probGain50": 28.74,
          "probDouble": 9.11
        }
      },
      "scenario": {
        "mean": 19233.482293442416,
        "median": 17616.26126858695,
        "stdDev": 10110.798813492407,
        "min": 1268.8201241108607,
        "max": 128486.29856514311,
        "percentiles": {
          "p5": 6129.716196634917,
          "p10": 8093.758955930932,
          "p25": 12015.664452378243,
          "p50": 17616.26126858695,
          "p75": 24629.114351296823,
          "p90": 32357.430566831452,
          "p95": 37577.66021370178
        },
        "growth": {
          "meanPct": 47.10457825756937,
          "medianPct": 34.73549120505217
        },
        "risk": {
          "VaR95": 6944.9838033650785,
          "VaR99": 9489.586211075526,
          "CVaR95": 8427.68137779403,
          "probLoss": 29.75,
          "probGain50": 41.72,
          "probDouble": 20.919999999999998
        }
      },
      "stress": {
        "mean": 16671.295791749108,
        "median": 14936.174466298567,
        "stdDev": 7850.609161069062,
        "min": 1833.7893563423538,
        "max": 127062.27080933914,
        "percentiles": {
          "p5": 7516.926931985966,
          "p10": 9027.703684176771,
          "p25": 11839.146990420812,
          "p50": 14936.174466298567,
          "p75": 19639.084759631864,
          "p90": 25995.572999293094,
          "p95": 31297.41943639046
        },
        "growth": {
          "meanPct": 27.508055953475896,
          "medianPct": 14.23722507054519
        },
        "risk": {
          "VaR95": 5557.773068014029,
          "VaR99": 7673.879943119988,
          "CVaR95": 6890.377195593628,
          "probLoss": 34.39,
          "probGain50": 25.069999999999997,
          "probDouble": 9.76
        }
      },
      "bootstrap": {
        "mean": 16192.192456694353,
        "median": 15465.104587199256,
        "stdDev": 5148.158009014376,
        "min": 6537.349999999998,
        "max": 39224.099999999984,
        "percentiles": {
          "p5": 9147.338534889774,
          "p10": 10268.500991150659,
          "p25": 12538.625432826582,
          "p50": 15465.104587199256,
          "p75": 19072.68034986931,
          "p90": 23014.896146011208,
          "p95": 25648.17660318266
        },
        "growth": {
          "meanPct": 23.843701627527647,
          "medianPct": 18.28267254467988
        },
        "risk": {
          "VaR95": 3927.3614651102216,
          "VaR99": 5683.767491251944,
          "CVaR95": 4955.410604775192,
          "probLoss": 29.709999999999997,
          "probGain50": 22.16,
          "probDouble": 4.49
        }
      },
      "garch": {
        "mean": 16844.91803539982,
        "median": 16770.102619393878,
        "stdDev": 1483.8327516923146,
        "min": 12401.34286950406,
        "max": 24080.213392036443,
        "percentiles": {
          "p5": 14530.407114984648,
          "p10": 14992.612965356373,
          "p25": 15818.421441957098,
          "p50": 16770.102619393878,
          "p75": 17814.679545066316,
          "p90": 18765.017770933806,
          "p95": 19396.42059874317
        },
        "growth": {
          "meanPct": 28.83598121103983,
          "medianPct": 28.26376604735774
        },
        "risk": {
          "VaR95": -1455.7071149846524,
          "VaR99": -624.8246806121278,
          "CVaR95": -953.87634865379,
          "probLoss": 0.27,
          "probGain50": 3.7900000000000005,
          "probDouble": 0
        }
      },
      "bayesian": {
        "mean": 20501.34928788997,
        "median": 17339.20301410676,
        "stdDev": 12268.584221519586,
        "min": 3922.4099999999985,
        "max": 65373.49999999998,
        "percentiles": {
          "p5": 6456.649116727365,
          "p10": 8026.633959701984,