{
  "timestamp": "2026-02-02T23:51:18.071Z",
  "config": {
    "simulations": 10000,
    "years": 5,
    "stepsPerYear": 52,
    "modelWeights": {
      "monteCarlo": 0.35,
      "scenario": 0.15,
      "stress": 0.1,
      "bootstrap": 0.15,
      "garch": 0.15,
      "bayesian": 0.1
    },
    "monteCarlo": {
      "baseDrift": 0.05,
      "baseVolatility": 0.2,
      "jumpIntensity": 0.15,
      "jumpMeanSize": 0.3,
      "meanReversionSpeed": 0.2,
      "degreesOfFreedom": 5
    },
    "scenarios": {
      "bull": {
        "probability": 0.25,
        "drift": 0.12,
        "volatility": 0.15
      },
      "base": {
        "probability": 0.5,
        "drift": 0.05,
        "volatility": 0.2
      },
      "bear": {
        "probability": 0.25,
        "drift": -0.02,
        "volatility": 0.3
      }
    },
    "stressTests": {
      "marketCrash": {
        "probability": 0.05,
        "impact": -0.4,
        "recovery": 2
      },
      "themeCollapse": {
        "probability": 0.03,
        "impact": -0.6,
        "recovery": 5
      },
      "liquidityCrisis": {
        "probability": 0.02,
        "impact": -0.25,
        "recovery": 1
      },
      "legoIPOBoom": {
        "probability": 0.05,
        "impact": 0.5,
        "recovery": 3
      }
    },
    "garch": {
      "omega": 0.0001,
      "alpha": 0.1,
      "beta": 0.85,
      "initialVol": 0.2
    },
    "bayesian": {
      "priorMean": 0.05,
      "priorVariance": 0.01,
      "likelihoodWeight": 0.7
    }
  },
  "portfolio": {
    "totalSets": 54,
    "totalPieces": 0,
    "totalCurrentValue": 13074.699999999995
  },
  "sets": {},
  "portfolioResults": {
    "currentValue": 13074.699999999995,
    "projectedValue": {
      "mean": 17816.446790620616,
      "median": 17502.61021622469,
      "stdDev": 3236.3506717500086,
      "min": 9522.757989715572,
      "max": 46898.39462605115,
      "percentiles": {
        "p5": 13150.309220418909,
        "p10": 14019.166965449775,
        "p25": 15518.61245972324,
        "p50": 17502.61021622469,
        "p75": 19728.51137280524,
        "p90": 22092.848194995473,
        "p95": 23662.372812409387
      },
      "growth": {
        "meanPct": 36.26658195308971,
        "medianPct": 33.86624715079272
      },
      "risk": {
        "VaR95": -75.60922041891354,
        "VaR99": 1442.700846261374,
        "CVaR95": 803.277079692054,
        "probLoss": 4.75,
        "probGain50": 25.85,
        "probDouble": 1.47
      }
    },
    "individualModels": {
      "monteCarlo": {
        "mean": 17171.96565794151,
        "median": 16119.091435318856,
        "stdDev": 6407.996785885254,
        "min": 5229.879999999998,
        "max": 51018.04734700177,
        "percentiles": {
          "p5": 8908.82565584596,
          "p10": 10136.612580347753,
          "p25": 12568.03522833298,
          "p50": 16119.091435318856,
          "p75": 20535.88458120831,
          "p90": 25617.54545052326,
          "p95": 29109.04733109089
        },
        "growth": {
          "meanPct": 31.33735885291071,
          "medianPct": 23.284598769523292
        },
        "risk": {
          "VaR95": 4165.8743441540355,
          "VaR99": 6124.031194427025,
          "CVaR95": 5358.702639145428,
          "probLoss": 28.560000000000002,
          "probGain50": 29.080000000000002,
          "probDouble": 9.07
        }
      },
      "scenario": {
        "mean": 19448.950251296254,
        "median": 17879.631918069517,
        "stdDev": 10385.146136356869,
        "min": 1287.2751289587368,
        "max": 208184.9209128393,
        "percentiles": {
          "p5": 6275.890991222614,
          "p10": 8232.576738039987,
          "p25": 12150.657387729692,
          "p50": 17879.631918069517,
          "p75": 24766.63893110242,
          "p90": 32298.721512082877,
          "p95": 37652.62847549844
        },
        "growth": {
          "meanPct": 48.75255456183516,
          "medianPct": 36.74984449409564
        },
        "risk": {
          "VaR95": 6798.809008777382,
          "VaR99": 9417.233211623796,
          "CVaR95": 8367.616986684625,
          "probLoss": 29.12,
          "probGain50": 42.64,
          "probDouble": 21.26
        }
      },
      "stress": {
        "mean": 16642.682830936978,
        "median": 14974.749879550443,
        "stdDev": 7698.798897121616,
        "min": 1641.358834493026,
        "max": 107931.92074238897,
        "percentiles": {
          "p5": 7475.6524229755105,
          "p10": 9077.148008494478,
          "p25": 11862.107421066223,
          "p50": 14974.749879550443,
          "p75": 19653.392033819087,
          "p90": 26153.461740278057,
          "p95": 31257.20039533304
        },
        "growth": {
          "meanPct": 27.2892137558566,
          "medianPct": 14.532263681388091
        },
        "risk": {
          "VaR95": 5599.047577024485,
          "VaR99": 7913.775983471137,
          "CVaR95": 7022.801600551728,
          "probLoss": 34.75,
          "probGain50": 25.11,
          "probDouble": 10.03
        }
      },
      "bootstrap": {
        "mean": 17661.961021895993,
        "median": 16859.19069193275,
        "stdDev": 5639.803949809178,
        "min": 6537.349999999998,
        "max": 39224.099999999984,
        "percentiles": {
          "p5": 9908.877891711054,
          "p10": 11207.79167788862,
          "p25": 13541.096827833284,
          "p50": 16859.19069193275,
          "p75": 20873.232931248596,
          "p90": 25094.07483341099,
          "p95": 28201.70408960977
        },
        "growth": {
          "meanPct": 35.08501932660788,
          "medianPct": 28.945143612723466
        },
        "risk": {
          "VaR95": 3165.8221082889413,
          "VaR99": 4953.174459857483,
          "CVaR95": 4239.269134289474,
          "probLoss": 21.59,
          "probGain50": 31.840000000000003,
          "probDouble": 7.86
        }
      },
      "garch": {
        "mean": 16863.11198847931,
        "median": 16807.602892985506,
        "stdDev": 1467.9816125111163,
        "min": 12184.49720684819,
        "max": 23852.23529690512,
        "percentiles": {
          "p5": 14539.626899565985,
          "p10": 14999.16621914449,
          "p25": 15844.142587016971,
          "p50": 16807.602892985506,
          "p75": 17840.48977064861,
          "p90": 18754.36140598603,
          "p95": 19348.50640982065
        },
        "growth": {
          "meanPct": 28.97513509663179,
          "medianPct": 28.550581604056013
        },
        "risk": {
          "VaR95": -1464.9268995659895,
          "VaR99": -649.4767465374716,
          "CVaR95": -952.4021634916226,
          "probLoss": 0.22,
          "probGain50": 3.54,
          "probDouble": 0
        }
      },
      "bayesian": {
        "mean": 20458.870379965796,
        "median": 17260.830888284407,
        "stdDev": 12313.786518862056,
        "min": 3922.4099999999985,
        "max": 65373.49999999998,
        "percentiles": {
          "p5": 6423.974584148789,
          "p10": 7882.6820847354265,
          "p25": 11300.39404339282,
          "p50": 17260.830888284407,
          "p75": 26562.362027833835,
          "p90": 37632.46270288107,
          "p95": 45777.18734610291
        },
        "growth": {
          "meanPct": 56.47678631223512,
          "medianPct": 32.01703204115134
        },
        "risk": {
          "VaR95": 6650.725415851206,
          "VaR99": 8427.373003976854,
          "CVaR95": 7731.847216708613,
          "probLoss": 33.12,
          "probGain50": 42.13,
          "probDouble": 25.72
        }
      }
    },
    "ensembleWeights": {
      "monteCarlo": 0.35,
      "scenario": 0.15,
      "stress": 0.1,
      "bootstrap": 0.15,
      "garch": 0.15,
      "bayesian": 0.1
    }
  },
  "modelComparison": {
    "monteCarlo": {
      "mean": 17171.96565794151,
      "median": 16119.091435318856,
      "stdDev": 6407.996785885254,
      "min": 5229.879999999998,
      "max": 51018.04734700177,